aebdbe8ef7b663fb776bba6ed7d2b9ff157e5306,127.0.0.1,GET,http://wmproject2.localhost/services/add,1368479505,
a7ef6f049415ee3c5ffef29947d4e9ec6b04aaa1,127.0.0.1,GET,http://wmproject2.localhost/services/add,1368479505,
a7631674c8176431abb3d594ee3d630841a8b411,127.0.0.1,GET,http://wmproject2.localhost/favicon.ico,1368479511,
c16f16198b3e103c3545d162abab4b6bbf54fada,127.0.0.1,GET,http://wmproject2.localhost/,1368479615,
f3b241744f0af19f6bba4039dc65728547408364,127.0.0.1,GET,http://wmproject2.localhost/,1368479617,
8b76062b49e2cfb136b4944d7f97ab3246f948ec,127.0.0.1,GET,http://wmproject2.localhost/favicon.ico,1368479637,
c92f3bd753274f8f9bd9794402fa8aa5c89774f0,127.0.0.1,GET,http://wmproject2.localhost/,1368480179,
f60033f61a134fb388663ae71c8fc4e8ce869015,127.0.0.1,GET,http://wmproject2.localhost/favicon.ico,1368480200,
100e553a5d9fbad7e326c29d87bae6583b6f478b,127.0.0.1,GET,http://wmproject2.localhost/,1368482966,
ea99689d05abe7964caa906749cbcbb01e413450,127.0.0.1,GET,http://wmproject2.localhost/favicon.ico,1368482978,
7aab0c4fc337ad7cae055bb2c239ccf1c64f15a0,127.0.0.1,GET,http://wmproject2.localhost/,1368555097,
5e4969e6e314d76d3518161084971fe80a19dbb9,127.0.0.1,GET,http://wmproject2.localhost/favicon.ico,1368555101,
fe47ee595767440af6d1475470ecabf38bc22445,127.0.0.1,GET,http://wmproject2.localhost/favicon.ico,1368555110,
363865fb6af573a4eabe705201b85acd3e114f22,127.0.0.1,GET,http://wmproject2.localhost/favicon.ico,1368555112,
c881f1c45ce00a3b03a90549f10f352cd4b2874b,127.0.0.1,GET,http://wmproject2.localhost/services/add,1368555137,
870f6fdb9a27fba23e99af7ccff92443d828cc79,127.0.0.1,GET,http://wmproject2.localhost/favicon.ico,1368555138,
406b06953b24f8190e04ed6e91ed1b605df7e050,127.0.0.1,GET,http://wmproject2.localhost/favicon.ico,1368555163,
b79afffca49020e0af1362905088412286f8b38e,127.0.0.1,GET,http://wmproject2.localhost/services/add,1368555215,
145bd5dcdb964a41184696e0f071f10d472b2e0e,127.0.0.1,GET,http://wmproject2.localhost/favicon.ico,1368555217,
0b3025b7ef3b7fa1a521357cce009e64d2119313,127.0.0.1,GET,http://wmproject2.localhost/favicon.ico,1368555388,
0a54ab1f139ecdd0fcaaddd6ddf3f181a126602a,127.0.0.1,GET,http://wmproject2.localhost/favicon.ico,1368555457,
0b7fb3e44814593198f4384f0a8e52861a3e972e,127.0.0.1,GET,http://wmproject2.localhost/favicon.ico,1368555487,
092eafcd35d56e3970bc3f5456c23c8fbf979968,127.0.0.1,GET,http://wmproject2.localhost/favicon.ico,1368555519,
b5841fa92a49d4d384125666ba49842a4ddafac3,127.0.0.1,GET,http://wmproject2.localhost/favicon.ico,1368555707,
e871b948d8d6dcad781cc2aa8783428e4a934cc2,127.0.0.1,GET,http://wmproject2.localhost/services/add,1368555746,
c5c6b19d98dff7355ca7e1d95a15d34c1ec845eb,127.0.0.1,GET,http://wmproject2.localhost/favicon.ico,1368555747,
141ce9233ea2d5464705997c7878a37675f65487,127.0.0.1,GET,http://wmproject2.localhost/services/add,1368555877,
0671f726802954d0646407e1698a7915630c53d5,127.0.0.1,GET,http://wmproject2.localhost/favicon.ico,1368555878,
2de280ae45ad7fab7c519437689fe3a9002f4409,127.0.0.1,GET,http://wmproject2.localhost/favicon.ico,1368555893,
731af6a1c35e84d9ba9521b458691afa414f37fc,127.0.0.1,GET,http://wmproject2.localhost/services/add,1368555960,
2b1fe34e0a2de0cee3ca13d827cddd27efc3c4f9,127.0.0.1,GET,http://wmproject2.localhost/favicon.ico,1368555961,
fc9f7bb4ccc4dcd3a3efb4b365740448871fe0b1,127.0.0.1,GET,http://wmproject2.localhost/services/add,1368556025,
33bdde665473cd7b1e2625205e9efcec1e12f1cb,127.0.0.1,GET,http://wmproject2.localhost/favicon.ico,1368556027,
39f3b9b0169bd2238640600b8237f2d6e587b1d7,127.0.0.1,GET,http://wmproject2.localhost/services/add,1368561385,
03f1e5f71121271cd04ecbc19c861f4676d267d0,127.0.0.1,GET,http://wmproject2.localhost/favicon.ico,1368561395,
c732e1548dd508c852ff641f17caaaab2fd5bf85,127.0.0.1,GET,http://wmproject2.localhost/services/add,1368561464,
0baa168f80b5c1e735cf00730ad58f1af529ca33,127.0.0.1,GET,http://wmproject2.localhost/favicon.ico,1368561473,
9a9a2024865f50cde3cff35cd6612260c1c569b4,127.0.0.1,GET,http://wmproject2.localhost/services/add,1368562189,
b5554bbac8f04d73f5190bf1be285fe64ce1c493,127.0.0.1,GET,http://wmproject2.localhost/favicon.ico,1368562197,
dcfbb96cfcf6826abb226f975d95900909ce17d4,127.0.0.1,GET,http://wmproject2.localhost/services/add,1368562221,
64be81966edc68163074271d7658281935516620,127.0.0.1,GET,http://wmproject2.localhost/favicon.ico,1368562227,
85a9af8b68eb53b8572596bd6eb1ca2e446769a9,127.0.0.1,GET,http://wmproject2.localhost/services/add,1368562242,
58fd01f0a5eb9f1df6d1524e0ba8844695b3596b,127.0.0.1,GET,http://wmproject2.localhost/favicon.ico,1368562245,
aa53e74c3291ce71e57c2600fe94da2dd17eaece,127.0.0.1,GET,http://wmproject2.localhost/services/add,1368562551,
bec4418c4ff0b28e993ee20534b905f521e87afd,127.0.0.1,GET,http://wmproject2.localhost/favicon.ico,1368562557,
79e4b1f56201370d19534b6738c1c93aad1b165d,127.0.0.1,GET,http://wmproject2.localhost/services/add,1368562902,
917b62407988b4ce82cce000e3938dbf34528df1,127.0.0.1,GET,http://wmproject2.localhost/favicon.ico,1368562915,
39a5dd6e1522a20ff09ffa7e104bd7e0893cc883,127.0.0.1,GET,http://wmproject2.localhost/services/add,1368563079,
f97fed414a8a66ac38b6989591f38f5e9194f22f,127.0.0.1,GET,http://wmproject2.localhost/favicon.ico,1368563082,
0dd4d109515aca310cc32306dd81adcfbb2af4fe,127.0.0.1,GET,http://wmproject2.localhost/services/add,1368563210,
43eefaed00c7a1c5e2c7b302bfb14c84d235690a,127.0.0.1,GET,http://wmproject2.localhost/favicon.ico,1368563214,
b5d4bd638075e9c9f627c452d3405100c812d6e4,127.0.0.1,GET,http://wmproject2.localhost/services/add,1368563281,
a263e2038e24e6392549042a7cbf970708d50af3,127.0.0.1,GET,http://wmproject2.localhost/favicon.ico,1368563284,
9acb9e8bb98d3a3648f2aab3838a26a12bcf77ee,127.0.0.1,GET,http://wmproject2.localhost/services/add,1368563420,
75743a357771cb40b49ae11e2187f6662308e74e,127.0.0.1,GET,http://wmproject2.localhost/favicon.ico,1368563423,
717e4c523fc5ee819c6390bbdf985c69b09d985f,127.0.0.1,GET,http://wmproject2.localhost/services/add,1368563974,
fd98354639ca05eb2bfbfc009e80105afe67d738,127.0.0.1,GET,http://wmproject2.localhost/favicon.ico,1368563977,
892775cbd78b11d780c6e07c107236a133192131,127.0.0.1,GET,http://wmproject2.localhost/services/add,1368564089,
8d4addf6ecc8fd79e8cf933a5464023c415061fa,127.0.0.1,GET,http://wmproject2.localhost/favicon.ico,1368564090,
72027eb17a2ecc57cb3f938ba12329de3c3b17f2,127.0.0.1,GET,http://wmproject2.localhost/services/add,1368564124,
909092d967ad68c6b51d4e975ac750b9ce3a86a3,127.0.0.1,GET,http://wmproject2.localhost/favicon.ico,1368564125,
d82c1fbb312516dc194ebdf6f3b3f80ef70f4ef6,127.0.0.1,GET,http://wmproject2.localhost/services/add,1368564395,
75f592eb97f087db83a3194a3ee0cc20e766a2dd,127.0.0.1,GET,http://wmproject2.localhost/favicon.ico,1368564399,
a9655796fae588db801dd17e51b5e2b788990123,127.0.0.1,GET,http://wmproject2.localhost/services/add,1368564777,
9d0daff81ee864f11c52b860a6adb766b8369f00,127.0.0.1,GET,http://wmproject2.localhost/favicon.ico,1368564780,
e83dda4718915b14b947407183f33495175e94f8,127.0.0.1,GET,http://wmproject2.localhost/services/add,1368564834,
e6edcbbedf7e6196a82275ff71392b0510a551fc,127.0.0.1,GET,http://wmproject2.localhost/favicon.ico,1368564835,
60a2c66cf94b92f545f9d1bc87fc25b2391f3e01,127.0.0.1,GET,http://wmproject2.localhost/services/add,1368564967,
a22c03a28033ca35f28f4f47834c0470ec38d64b,127.0.0.1,GET,http://wmproject2.localhost/favicon.ico,1368564968,
7c3c8bb5e1eb44c8c1b5b23b053dba36627e9523,127.0.0.1,GET,http://wmproject2.localhost/services/add,1368564995,
109294b80561d391e0ad871cc42a87e6419ec25e,127.0.0.1,GET,http://wmproject2.localhost/favicon.ico,1368564997,
ed48bd4f2113183820736a04e396369350ff6886,127.0.0.1,GET,http://wmproject2.localhost/services/add,1368565020,
485478cef66533f5ef32b1036203b5d2c8a7c050,127.0.0.1,GET,http://wmproject2.localhost/favicon.ico,1368565021,
bab6e0887fdbb2694bd11d7fc1bf64ac87d6b196,127.0.0.1,GET,http://wmproject2.localhost/services/add,1368566819,
09e8d5a724cfd7fa0a396c1f64fb8fcde992f4ac,127.0.0.1,GET,http://wmproject2.localhost/favicon.ico,1368566824,
42fdb91f8504597b51efe8f907d255661c186c94,127.0.0.1,GET,http://wmproject2.localhost/services/add,1368566874,
f97cee554ce88bac5e7183997b5ffc099438ede5,127.0.0.1,GET,http://wmproject2.localhost/favicon.ico,1368566876,
9d4fe67999cd41df74ec2f6dacd536f647084cac,127.0.0.1,GET,http://wmproject2.localhost/services/add,1368566908,
c3c7949d03649a8487d7ba8e7f7957ecae2f8856,127.0.0.1,GET,http://wmproject2.localhost/favicon.ico,1368566910,
6c6314edfe3573d435c1b9f082566f84ea066a4b,127.0.0.1,GET,http://wmproject2.localhost/services/add,1368568826,
2343c928579055e2d5329b3b3b0993815b018ab5,127.0.0.1,GET,http://wmproject2.localhost/favicon.ico,1368568857,
ce84b00560b40a3e5a79330689c74b903e35a308,127.0.0.1,GET,http://wmproject2.localhost/services/add,1368568937,
2746e512012c3ea46038b0ec406627c92104f717,127.0.0.1,GET,http://wmproject2.localhost/favicon.ico,1368568946,
ba1a73ee35edd1e80a227c4c5d4a94595aefdcc4,127.0.0.1,GET,http://wmproject2.localhost/services/add,1368569463,
c5b69b52f52ee30f2cf29534baa0f4adb08449f8,127.0.0.1,GET,http://wmproject2.localhost/favicon.ico,1368569476,
e965ebdb8e3693ed2aa1619d27f63a30c7ad9307,127.0.0.1,GET,http://wmproject2.localhost/services/add,1368569566,
7cedf70cc103f54fa80a125f4698e5d812d8ab01,127.0.0.1,GET,http://wmproject2.localhost/favicon.ico,1368569567,
5f7e0014230025205a248ab17f3f4f5774ea2429,127.0.0.1,GET,http://wmproject2.localhost/services/add,1368569572,
fb92f12f34f8e38b646bcf62f2bcb54f5fbe2f93,127.0.0.1,GET,http://wmproject2.localhost/favicon.ico,1368569574,
1771b2e778f326dc0cd36dca25474aac09ab8bda,127.0.0.1,GET,http://wmproject2.localhost/services/add,1368569609,
2ec6b6e7e12b07892cb348fab91360e12c257dc2,127.0.0.1,GET,http://wmproject2.localhost/favicon.ico,1368569611,
cc881eb33b668abd367483a18d337a54cf0eeb46,127.0.0.1,GET,http://webmobile.localhost/Project2/web/,1368888259,
e05cba77ca3e574f85eedf0a426e4770f2120451,127.0.0.1,GET,http://webmobile.localhost/Project2/web/services/add,1368888406,
98421229c8e9c7d1be894f0f6630a55d111ef544,127.0.0.1,GET,http://webmobile.localhost/Project2/web/services/add,1368889713,
627355af6b764e9a8e41b7a5d072715e0d5988b2,127.0.0.1,GET,http://webmobile.localhost/Project2/web/services/add,1368889756,
125c550b50ffc7ef127eb71efecf16ce5b165ae4,127.0.0.1,GET,http://webmobile.localhost/Project2/web/services/add,1368889763,
7d71e4a03b815b922c5b79a78a56ccf3ec8a5f80,127.0.0.1,GET,http://webmobile.localhost/Project2/web/services/add,1368890055,
3d6e8c055a8201d7b9dcf7a93a4f508ef56eae66,127.0.0.1,GET,http://webmobile.localhost/Project2/web/services/add,1368891407,
5e983f798dddd612e4a9f7cdf5b5bdcd265b6d98,127.0.0.1,GET,http://webmobile.localhost/Project2/web/services/add,1368891526,
f3b97c3fe01c4f0db2af5c8018627f2a1c3429de,127.0.0.1,GET,http://webmobile.localhost/Project2/web/services/add,1368891866,
241fd3560b545ccf3f4a5fd19188b3e9bd81c896,127.0.0.1,GET,http://webmobile.localhost/Project2/web/services/add,1368894448,
